Unnamed: 0,Species,Human Host,Accessions,viral_family
0,Alphapapillomavirus 7,True,NC_001357.1,1
1,Alphapapillomavirus 11,True,NC_001587.1,1
2,Alphapapillomavirus 13,True,NC_001676.1,1
4,Alphapapillomavirus 9,True,NC_001526.4,1
6,Alphapapillomavirus 6,True,NC_001593.1,1
7,Alphapapillomavirus 10,True,NC_001355.1,1
8,Alphapapillomavirus 5,True,NC_001583.1,1
9,Betapapillomavirus 3,True,NC_001591.1,1
10,Betapapillomavirus 2,True,NC_001596.1,1
12,Irkut lyssavirus,True,NC_020809.1,0
13,Alphapapillomavirus 8,True,NC_001595.1,1
16,Bokeloh bat lyssavirus,True,NC_025251.1,0
17,Australian bat lyssavirus,True,NC_003243.1,0
18,Khujand lyssavirus,True,NC_025385.1,0
20,Rabies lyssavirus,True,KF155002.1,0
21,Mupapillomavirus 2,True,NC_001458.1,1
23,Betapapillomavirus 1,True,NC_001531.1,1
24,Alphapapillomavirus 14,True,NC_004104.1,1
26,Lagos bat lyssavirus,True,NC_020807.1,0
27,Mokola lyssavirus,True,NC_006429.1,0
29,Tai Forest ebolavirus,True,NC_014372.1,27
32,Betapapillomavirus 4,True,NC_004500.1,1
34,Aravan lyssavirus,True,NC_020808.1,0
35,Betapapillomavirus 5,True,NC_005134.2,1
40,Alphapapillomavirus 4,True,NC_001352.1,1
42,European bat 2 lyssavirus,True,NC_009528.2,0
43,Gammapapillomavirus 1,True,NC_001457.1,1
44,Alphapapillomavirus 2,True,NC_001576.1,1
46,Alphapapillomavirus 1,True,NC_001586.1,1
50,Alphapapillomavirus 3,True,NC_001694.1,1
59,Sudan ebolavirus,True,NC_006432.1,27
60,Bundibugyo ebolavirus,True,NC_014373.1,27
62,Gammapapillomavirus 4,True,NC_001693.1,1
67,Bovine orthopneumovirus,False,NC_001989.1,34
69,Zaire ebolavirus,True,NC_002549.1,27
75,European bat 1 lyssavirus,True,NC_009527.1,0
78,Duvenhage lyssavirus,True,NC_020810.1,0
79,Cupixi mammarenavirus,False,NC_010252.1  NC_010254.1,15
86,Mamastrovirus 6,True,NC_011400.1,24
89,Lloviu cuevavirus,False,NC_016144.1,27
90,Primate T-lymphotropic virus 1,True,NC_001436.1,16
92,Gammapapillomavirus 3,True,NC_001691.1,1
96,Murine orthopneumovirus,False,NC_006579.1,34
97,Reston ebolavirus,True,NC_004161.1,27
99,Human immunodeficiency virus 1,True,NC_001802.1,16
100,Norwalk virus,True,NC_001959.2,26
101,Mupapillomavirus 1,True,NC_001356.1,1
104,Morreton vesiculovirus,False,NC_034508.1,0
110,Machupo mammarenavirus,True,NC_005079.1  NC_005078.1,15
111,Macacine gammaherpesvirus 4,False,NC_006146.1,7
113,Mopeia mammarenavirus,False,NC_006574.1  NC_006575.1,15
118,Cercopithecine alphaherpesvirus 9,False,NC_002686.2,7
120,Kappapapillomavirus 1,False,NC_002232.1,1
123,Influenza A virus,True,CY216614.1  CY216615.1  CY216616.1  CY216617.1  CY216618.1  CY216619.1  CY216620.1  CY216621.1,28
124,Caprine arthritis encephalitis virus,False,NC_001463.1,16
128,Human alphaherpesvirus 1,True,NC_001806.2,7
130,Isfahan vesiculovirus,True,NC_020806.1,0
131,West Caucasian bat lyssavirus,True,NC_025377.1,0
135,Mamastrovirus 1,True,NC_030922.1,24
139,Influenza B virus,True,MH245265.1  MH245264.1  MH245263.1  MH245262.1  MH245261.1  MH245260.1  MH245259.1  MH245258.1,28
142,Human gammaherpesvirus 8,True,NC_009333.1,7
143,Human orthopneumovirus,True,NC_001781.1,34
144,Gammapapillomavirus 2,True,NC_001690.1,1
145,Simian orthorubulavirus,False,NC_006428.1,10
147,Ippy mammarenavirus,False,NC_007906.1  NC_007905.1,15
148,Rotavirus F,False,NC_021625.1  NC_021626.1  NC_021631.1  NC_021630.1  NC_021632.1  NC_021635.1  NC_021633.1  NC_021628.1  NC_021627.1  NC_021629.1  NC_021634.1,18
152,Gammapapillomavirus 5,True,NC_010329.1,1
154,Human immunodeficiency virus 2,True,NC_001722.1,16
157,Shimoni bat lyssavirus,True,NC_025365.1,0
158,Argentinian mammarenavirus,True,NC_005080.1  NC_005081.1,15
162,Klamath tupavirus,False,NC_034549.1,0
164,Mamastrovirus 3,False,NC_025379.1,24
166,Walleye dermal sarcoma virus,False,NC_001867.1,16
168,Rotavirus G,False,NC_021590.1  NC_021580.1  NC_021581.1  NC_021589.1  NC_021583.1  NC_021588.1  NC_021585.1  NC_021584.1  NC_021582.1  NC_021586.1  NC_021587.1,18
169,Piry vesiculovirus,True,KU178986.1,0
174,Human betaherpesvirus 5,True,NC_006273.2,7
176,Alagoas vesiculovirus,True,NC_025353.1,0
178,Puumala orthohantavirus,True,NC_005225.1  NC_005223.1  NC_005224.1,19
182,Ikoma lyssavirus,True,NC_018629.1,0
183,Thogoto thogotovirus,True,NC_006508.1  NC_006495.1  NC_006496.1  NC_006506.1  NC_006507.1  NC_006504.1,28
184,Sosuga pararubulavirus,True,NC_025343.1,10
185,Human metapneumovirus,True,NC_004148.2,34
188,Rotterdam reptarenavirus,False,NC_018484.1  NC_018481.1,15
191,Tamdy orthonairovirus,False,NC_031284.1  NC_031285.1  NC_031286.1,25
193,Tacaribe mammarenavirus,True,NC_004292.1  NC_004293.1,15
194,White bream virus,False,NC_008516.1,29
195,Avian metaavulavirus 5,False,NC_025361.1,10
198,Avian metapneumovirus,False,NC_007652.1,34
200,Phocine morbillivirus,False,NC_028249.1,10
201,Andes orthohantavirus,True,NC_003468.2  NC_003467.2  NC_003466.1,19
206,Western chimpanzee simian foamy virus,True,NC_001364.1,16
207,Fusong orthohantavirus,False,NC_038447.1  NC_038446.1,19
208,Betacoronavirus 1,True,NC_006213.1,13
209,Rinderpest morbillivirus,False,NC_006296.2,10
210,Influenza C virus,True,KM504277.1  KM504278.1  KM504279.1  KM504280.1  KM504281.1  KM504282.1  KM504283.1,28
211,Panine betaherpesvirus 2,False,NC_003521.1,7
212,Alphapapillomavirus 12,False,NC_001678.1,1
215,Human gammaherpesvirus 4,True,NC_007605.1,7
219,Sakhalin orthonairovirus,False,KU925494.1  KU925495.1  KU925496.1,25
222,Macacine gammaherpesvirus 5,False,NC_003401.1,7
223,Quezon mobatvirus,False,NC_034401.1  NC_034393.1  NC_034400.1,19
224,Bovine leukemia virus,False,NC_001414.1,16
226,Maporal orthohantavirus,False,NC_034553.1  NC_034552.1  NC_034566.1,19
228,Cercopithecine betaherpesvirus 5,False,NC_012783.2,7
230,Anguillid perhabdovirus,False,NC_022581.1,0
232,Bayou orthohantavirus,True,NC_038299.1  NC_038300.1  NC_038298.1,19
237,Ghanaian bat henipavirus,False,NC_025256.1,10
239,Alphacoronavirus 1,False,NC_002306.3,13
240,Rhesus macaque simian foamy virus,True,NC_010819.1,16
241,Pipapillomavirus 1,False,NC_022647.1,1
242,Sin Nombre orthohantavirus,True,NC_005217.1  NC_005215.1  NC_005216.1,19
243,Human coronavirus HKU1,True,NC_006577.2,13
246,Avastrovirus 3,False,NC_005790.1,24
247,Porcine orthorubulavirus,False,NC_009640.1,10
248,Mamastrovirus 8,True,GQ415660.1,24
250,Vesicular exanthema of swine virus,True,NC_002551.1,26
251,Drosophila immigrans sigmavirus,False,NC_038280.1,0
256,Human respirovirus 1,True,NC_003461.1,10
259,Tupaiid betaherpesvirus 1,False,NC_002794.1,7
261,Equine foamy virus,False,NC_002201.1,16
262,Yunnan orbivirus,False,NC_007656.1  NC_007657.1  NC_007658.1  NC_007659.1  NC_007660.1  NC_007661.1  NC_007662.1  NC_007663.1  NC_007664.1  NC_007665.1,18
263,Grivet simian foamy virus,True,NC_010820.1,16
264,Thailand orthohantavirus,False,NC_034556.1  NC_034563.1  NC_034555.1,19
265,Xipapillomavirus 1,False,NC_004197.1,1
266,Latino mammarenavirus,False,NC_010760.1  NC_010758.1,15
268,Mamastrovirus 5,False,KY765684.1,24
270,Jembrana disease virus,False,U21603.1,16
271,Ball python nidovirus 1,False,NC_024709.1,29
272,Merino Walk mammarenavirus,False,NC_023763.1  NC_023764.1,15
274,Rochambeau curiovirus,False,NC_034534.1,0
276,Simian immunodeficiency virus,True,NC_001549.1,16
278,Avian paraavulavirus 4,False,NC_019531.1,10
279,Golden reptarenavirus,False,NC_018482.1  NC_018483.1,15
281,Seoul orthohantavirus,True,NC_005238.1  NC_005237.1  NC_005236.1,19
282,Crimean-Congo hemorrhagic fever orthonairovirus,True,NC_005301.3  NC_005300.2  NC_005302.1,25
283,California reptarenavirus,False,NC_023762.1  NC_023761.1,15
284,Dhori thogotovirus,False,NC_034261.1  NC_034263.1  NC_034254.1  NC_034255.1  NC_034262.1  NC_034256.1,28
285,Snakehead novirhabdovirus,False,NC_000903.1,0
286,Jurona vesiculovirus,True,NC_025392.1,0
287,Primate T-lymphotropic virus 3,True,EU649782.1,16
288,Zetapapillomavirus 1,False,NC_003748.1,1
291,Iriri curiovirus,False,NC_034544.1,0
292,Loei River mammarenavirus,False,KC669693.1  KC669698.1,15
294,Hedgehog coronavirus 1,False,NC_022643.1,13
295,Teviot pararubulavirus,False,NC_039198.1,10
296,Kadipiro virus,False,NC_004210.1  NC_004212.1  NC_004213.1  NC_004214.1  NC_004215.1  NC_004216.1  NC_004209.1  NC_004208.1  NC_004207.1  NC_004206.1  NC_004205.1  NC_004199.1,18
300,Squirrel monkey retrovirus,False,NC_001514.1,16
302,Khabarovsk orthohantavirus,False,NC_034519.1  NC_034518.1  NC_034527.1,19
303,Tylonycteris bat coronavirus HKU4,False,NC_009019.1,13
307,Bovine respirovirus 3,False,NC_002161.1,10
309,Flexal mammarenavirus,True,NC_010759.1  NC_010757.1,15
311,Alcelaphine gammaherpesvirus 2,False,NC_024382.1,7
312,Mouse mammary tumor virus,False,NC_001503.1,16
314,Canine morbillivirus,True,NC_001921.1,10
315,Bluetongue virus,False,NC_006023.1  NC_006013.2  NC_006014.1  NC_006024.2  NC_006025.1  NC_006010.1  NC_006022.1  NC_006007.1  NC_006008.1  NC_006015.1,18
317,Marburg marburgvirus,True,NC_001608.3,27
318,Cano Delgadito orthohantavirus,False,NC_034515.1  NC_034525.1  NC_034528.1,19
321,Equine encephalosis virus,False,FJ183384.1  FJ183385.1  FJ183386.1  FJ183387.1  FJ183388.1  FJ183389.1  FJ183390.1  FJ183391.1  FJ183392.1  FJ183393.1,18
322,Human alphaherpesvirus 2,True,NC_001798.2,7
324,Callitrichine gammaherpesvirus 3,False,NC_004367.1,7
327,Serra do Navio mammarenavirus,False,NC_010251.1  NC_010247.1,15
328,Bowe orthohantavirus,False,NC_034407.1  NC_034406.1  NC_034405.1,19
330,Puma lentivirus,False,U03982.1,16
331,Kern Canyon ledantevirus,False,NC_034451.1,0
332,Luna mammarenavirus,False,NC_016153.1  NC_016152.1,15
333,Common moorhen coronavirus HKU21,False,NC_016996.1,13
334,Lambdapapillomavirus 2,False,NC_001619.1,1
335,Avian metaavulavirus 7,False,NC_025347.1,10
336,Night heron coronavirus HKU19,False,NC_016994.1,13
337,Ovine gammaherpesvirus 2,False,NC_007646.1,7
339,Chapare mammarenavirus,True,NC_010563.1  NC_010562.1,15
340,Nishimuro ledantevirus,False,NC_038276.1,0
341,Tupaia tupavirus,False,NC_007020.1,0
342,Lymphocytic choriomeningitis mammarenavirus,True,NC_004291.1  NC_004294.1,15
343,Primate T-lymphotropic virus 2,True,Y13051.1,16
344,Hepatitis B virus,True,AJ344115.1,23
346,Tamiami mammarenavirus,False,NC_010702.1  NC_010701.1,15
348,Mason-Pfizer monkey virus,False,NC_001550.1,16
350,Saimiriine gammaherpesvirus 2,False,NC_001350.1,7
351,Psittaciform 1 orthobornavirus,False,NC_030688.1,31
352,Pirital mammarenavirus,False,NC_005897.1  NC_005894.1,15
353,Rabbit hemorrhagic disease virus,False,NC_001543.1,26
354,Rice yellow stunt nucleorhabdovirus,False,NC_003746.1,0
355,Woolly monkey sarcoma virus,False,NC_009424.5,16
356,Omikronpapillomavirus 1,False,JN709471.1,1
357,Murid betaherpesvirus 2,False,NC_002512.2,7
358,Perch perhabdovirus,False,NC_020803.1,0
359,Hazara orthonairovirus,False,NC_038709.1  NC_038710.1  NC_038711.1,25
360,Mink coronavirus 1,False,NC_023760.1,13
364,Jeju orthohantavirus,False,NC_034399.1  NC_034404.1  NC_034398.1,19
365,Gibbon ape leukemia virus,False,KT724048.1,16
367,Lunk mammarenavirus,False,NC_018711.1  NC_018710.1,15
369,Rotavirus H,True,NC_007548.1  NC_007549.1  NC_007550.1  NC_007551.1  NC_007552.1  NC_007553.1  NC_007554.1  NC_007555.1  NC_007556.1  NC_007557.1  NC_007558.1,18
371,Umatilla virus,False,NC_024503.1  NC_024504.1  NC_024505.1  NC_024506.1  NC_024507.1  NC_024508.1  NC_024509.1  NC_024510.1  NC_024499.1  NC_024500.1,18
372,Equid alphaherpesvirus 3,False,NC_024771.1,7
373,Rotavirus I,False,NC_026825.2  NC_026826.2  NC_026828.2  NC_026827.2  NC_026820.2  NC_026829.2  NC_026821.2  NC_026822.2  NC_026830.2  NC_026823.2  NC_026824.2,18
374,Allpahuayo mammarenavirus,False,NC_010249.1  NC_010253.1,15
375,Fugong orthohantavirus,False,NC_034467.1  NC_034466.1  NC_034473.1,19
376,New Jersey vesiculovirus,True,NC_024473.1,0
377,Itacaiunas curiovirus,False,NC_034536.1,0
378,Avastrovirus 1,False,NC_002470.1,24
379,Equid gammaherpesvirus 2,False,NC_001650.2,7
380,Corriparta virus,False,KC853042.1  KC853043.1  KC853044.1  KC853045.1  KC853046.1  KC853047.1  KC853048.1  KC853049.1  KC853050.1  KC853051.1,18
381,Feline immunodeficiency virus,False,NC_001482.1,16
383,Laibin mobatvirus,False,NC_038515.1  NC_038513.1  NC_038514.1,19
384,American bat vesiculovirus,False,NC_022755.1,0
385,Dugbe orthonairovirus,True,NC_004159.1  NC_004158.1  NC_004157.1,25
386,Equid alphaherpesvirus 4,False,NC_001844.1,7
388,Curionopolis curiovirus,False,NC_025354.1,0
393,Malpais Spring vesiculovirus,False,NC_025364.1,0
394,Lassa mammarenavirus,True,NC_004297.1  NC_004296.1,15
395,Ground squirrel hepatitis virus,False,NC_001484.1,23
397,Human alphaherpesvirus 3,True,NC_001348.1,7
399,Avian paraavulavirus 3,False,NC_025373.1,10
401,Achimota pararubulavirus 1,False,NC_025403.1,10
403,Human coronavirus 229E,True,NC_002645.1,13
404,Tuhoko pararubulavirus 1,False,NC_025410.1,10
407,Peruvian horse sickness virus,False,NC_007748.1  NC_007749.1  NC_007750.1  NC_007751.1  NC_007755.1  NC_007752.1  NC_007756.1  NC_007754.1  NC_007753.1  NC_007757.1,18
410,Mammalian orthorubulavirus 5,True,NC_006430.1,10
411,Bear Canyon mammarenavirus,False,NC_010255.1  NC_010256.1,15
412,Rockport orthohantavirus,False,NC_038695.1  NC_038694.1  NC_038696.1,19
413,Kasokero orthonairovirus,True,NC_036636.1  NC_029933.1  NC_029932.1,25
414,Achimota pararubulavirus 2,False,NC_025404.1,10
416,Rotavirus C,True,NC_007547.1  NC_007546.1  NC_007572.1  NC_007574.1  NC_007570.1  NC_007543.1  NC_007544.1  NC_007571.1  NC_007545.1  NC_007569.1  NC_007573.1,18
417,Epsilonpapillomavirus 1,False,NC_004195.1,1
418,Iotapapillomavirus 1,False,NC_001605.1,1
420,Porcine respirovirus 1,False,NC_025402.1,10
421,Changuinola virus,True,NC_022639.1  NC_022633.1  NC_022634.1  NC_022640.1  NC_022635.1  NC_022641.1  NC_022636.1  NC_022637.1  NC_022642.1  NC_022638.1,18
423,Bovine nidovirus 1,False,NC_027199.1,29
424,Lujo mammarenavirus,True,NC_012777.1  NC_012776.1,15
425,Drosophila affinis sigmavirus,False,NC_038278.1,0
427,Equine infectious anemia virus,False,NC_001450.1,16
428,Kappapapillomavirus 2,False,NC_001541.1,1
433,Gairo mammarenavirus,False,NC_026247.1  NC_026246.1,15
437,Cervid alphaherpesvirus 2,False,MH036943.1,7
440,Lebombo virus,True,JQ610665.1  JQ610666.1  JQ610667.1  JQ610668.1  JQ610669.1  JQ610670.1  JQ610671.1  JQ610672.1  JQ610673.1  JQ610674.1,18
441,Oliveros mammarenavirus,False,NC_010250.1  NC_010248.1,15
442,Ferak feravirus,False,KP710246.1  KP710264.1  KP710267.1,33
443,Chinook salmon nidovirus 1,False,NC_026812.1,29
444,Avian orthoavulavirus 1,True,NC_039223.1,10
445,Whitewater Arroyo mammarenavirus,True,NC_010703.1  NC_010700.1,15
446,Mammalian 2 orthobornavirus,True,NC_030701.1,31
447,Wenzhou mammarenavirus,False,NC_026019.1  NC_026018.1,15
449,Nova mobatvirus,False,NC_034465.1  NC_034470.1  NC_034464.1,19
452,Barur ledantevirus,False,NC_034535.1,0
453,Severe acute respiratory syndrome-related coronavirus,True,NC_004718.3,13
454,Jaagsiekte sheep retrovirus,False,NC_001494.1,16
455,Bovine immunodeficiency virus,False,NC_001413.1,16
457,Micromonas pusilla reovirus,False,NC_008171.1  NC_008172.1  NC_008173.1  NC_008174.1  NC_008175.1  NC_008176.1  NC_008177.1  NC_008178.1  NC_008179.1  NC_008180.1  NC_008181.1,18
460,Waterbird 1 orthobornavirus,False,NC_029642.1,31
463,Dera Ghazi Khan orthonairovirus,False,KU925437.1  KU925438.1  KU925439.1,25
464,Visna-maedi virus,False,NC_001452.1,16
465,Equid gammaherpesvirus 5,False,NC_026421.1,7
467,Thiafora orthonairovirus,True,NC_029909.1  NC_029934.1  NC_029910.1,25
468,Feline foamy virus,False,NC_001871.1,16
470,Marco hapavirus,False,NC_034530.1,0
471,Mamastrovirus 13,False,NC_002469.1,24
472,Imjin thottimvirus,False,NC_034564.1  NC_034557.1  NC_034558.1,19
473,Keuraliba ledantevirus,False,NC_034540.1,0
474,Tuhoko pararubulavirus 3,False,NC_025350.1,10
477,Sapporo virus,True,NC_006554.1,26
482,Nupapillomavirus 1,True,NC_001354.1,1
483,Murid betaherpesvirus 1,False,NC_004065.1,7
484,Tula orthohantavirus,True,NC_005226.1  NC_005228.1  NC_005227.2,19
485,Mamastrovirus 9,True,NC_013060.1,24
488,Salmonid novirhabdovirus,False,NC_001652.1,0
491,Nairobi sheep disease orthonairovirus,False,NC_034387.1  NC_034391.1  NC_034386.1,25
492,Avian metaavulavirus 8,False,NC_039195.1,10
493,Bat coronavirus HKU10,False,NC_018871.1,13
494,Rousettus bat coronavirus HKU9,False,NC_009021.1,13
495,Radi vesiculovirus,False,NC_038287.1,0
498,Kamese hapavirus,False,NC_034450.1,0
500,Human coronavirus NL63,True,NC_005831.2,13
501,Montano orthohantavirus,False,NC_034403.1  NC_034397.1  NC_034396.1,19
502,Rice dwarf virus,False,NC_003760.1  NC_003761.1  NC_003762.1  NC_003763.1  NC_003764.1  NC_003765.1  NC_003766.1  NC_003767.1  NC_003768.1  NC_003772.1  NC_003773.1  NC_003774.1,18
503,Drosophila obscura sigmavirus,False,NC_022580.1,0
505,Beluga whale coronavirus SW1,False,NC_010646.1,13
506,Canid alphaherpesvirus 1,False,NC_030117.1,7
507,Human orthorubulavirus 2,True,NC_003443.1,10
508,Mammalian 1 orthobornavirus,True,NC_001607.1,31
509,Feline leukemia virus,False,NC_001940.1,16
510,Human orthorubulavirus 4,True,NC_021928.1,10
512,Orungo virus,True,JQ610675.1  JQ610676.1  JQ610677.1  JQ610678.1  JQ610679.1  JQ610680.1  JQ610681.1  JQ610682.1  JQ610683.1  JQ610684.1,18
514,Moussa virus,False,NC_025359.1,0
516,Woodchuck hepatitis virus,False,NC_004107.1,23
520,Human respirovirus 3,True,NC_001796.2,10
521,Elapid 1 orthobornavirus,False,NC_024778.1,31
523,Pipistrellus bat coronavirus HKU5,False,NC_009020.1,13
524,Dobrava-Belgrade orthohantavirus,True,NC_005235.1  NC_005234.1  NC_005233.1,19
525,Cao Bang orthohantavirus,False,NC_034485.1  NC_034474.1  NC_034484.1,19
527,White-eye coronavirus HKU16,False,NC_016991.1,13
531,Chobar Gorge virus,False,NC_027553.1  NC_027554.1  NC_027555.1  NC_027556.1  NC_027557.1  NC_027558.1  NC_027559.1  NC_027560.1  NC_027561.1  NC_027562.1,18
532,Hantaan orthohantavirus,True,NC_005218.1,19
533,Maraba vesiculovirus,False,NC_025255.1,0
534,Wad Medani virus,False,NC_027533.1  NC_027539.1  NC_027540.1  NC_027541.1  NC_027542.1  NC_027543.1  NC_027544.1  NC_027545.1  NC_027546.1  NC_027547.1,18
539,Choclo orthohantavirus,True,NC_038374.1  NC_038373.1,19
540,Rotavirus D,False,NC_014511.1  NC_014512.1  NC_014513.1  NC_014514.1  NC_014515.1  NC_014516.1  NC_014517.1  NC_014518.1  NC_014519.1  NC_014520.1  NC_014521.1,18
542,African swine fever virus,False,NC_001659.2,36
543,Wound tumor virus,False,NC_038948.1  NC_038944.1  NC_038949.1  NC_038945.1  NC_038951.1  NC_038946.1  NC_038950.1  NC_038947.1  NC_038952.1,18
545,Maize fine streak nucleorhabdovirus,False,NC_005974.1,0
546,Avian metaavulavirus 11,False,NC_025407.1,10
547,Chandipura vesiculovirus,True,NC_020805.1,0
548,Coffee ringspot dichorhavirus,False,NC_038756.1  NC_038755.1,0
549,Equid alphaherpesvirus 1,False,NC_001491.2,7
550,Okahandja mammarenavirus,False,NC_027137.1  NC_027135.1,15
551,Rhinolophus bat coronavirus HKU2,False,NC_009988.1,13
553,Lettuce big-vein associated varicosavirus,False,NC_011558.1  NC_011568.1,0
556,Estero Real orthonairovirus,False,MH017280.1  MH017286.1  MH017274.1,25
557,Mumps orthorubulavirus,True,NC_002200.1,10
559,Keterah orthonairovirus,False,NC_034392.1  NC_034388.1  NC_034389.1,25
560,Moloney murine sarcoma virus,False,NC_001502.1,16
562,Drosophila ananassae sigmavirus,False,NC_038279.1,0
563,Paraguayan mammarenavirus,False,NC_010761.1  NC_010756.1,15
564,Cocal vesiculovirus,True,NC_028255.1,0
567,Rubella virus,True,NC_001545.2,37
569,Quaranfil quaranjavirus,True,GQ499302.1  GQ499303.1  FJ861695.1  JN412853.1  FJ861694.1  GQ499304.1,28
570,Kenkeme orthohantavirus,False,NC_034560.1  NC_034565.1  NC_034559.1,19
571,Luxi orthohantavirus,False,NC_038529.1  NC_038528.1  NC_038530.1,19
572,Kimberley ephemerovirus,False,NC_025396.1,0
574,Oita ledantevirus,False,NC_034548.1,0
576,Cercopithecine alphaherpesvirus 2,False,NC_006560.1,7
577,Deltapapillomavirus 2,False,NC_001523.1,1
580,Middle East respiratory syndrome-related coronavirus,True,NC_019843.3,13
582,Newbury 1 virus,False,NC_007916.1,26
583,Murine coronavirus,False,NC_012936.1,13
584,Brazilian mammarenavirus,True,NC_006313.1  NC_006317.1,15
586,Mosqueiro hapavirus,False,NC_034448.1,0
589,Nipah henipavirus,True,NC_002728.1,10
590,Avian coronavirus,False,NC_001451.1,13
594,Piscine novirhabdovirus,False,NC_000855.1,0
595,Cetacean morbillivirus,False,NC_005283.1,10
596,Tuhoko pararubulavirus 2,False,NC_025348.1,10
597,Alcelaphine gammaherpesvirus 1,False,NC_002531.1,7
600,Mamastrovirus 2,False,NC_024701.1,24
601,Eggplant mottled dwarf nucleorhabdovirus,False,NC_025389.1,0
602,Suid alphaherpesvirus 1,False,NC_006151.1,7
603,Small ruminant morbillivirus,False,NC_006383.2,10
605,Equine torovirus,False,MG996765.1,29
606,Solwezi mammarenavirus,False,NC_038366.1  NC_038367.1,15
607,Bovine alphaherpesvirus 5,False,NC_005261.2,7
608,Mobala mammarenavirus,False,NC_007904.1  NC_007903.1,15
609,Hirame novirhabdovirus,False,NC_005093.1,0
610,Avian metaavulavirus 6,False,NC_039194.1,10
611,European brown hare syndrome virus,False,NC_002615.1,26
612,Macacine betaherpesvirus 3,False,NC_006150.1,7
613,Mamastrovirus 10,False,NC_004579.1,24
616,Indiana vesiculovirus,True,NC_038236.1,0
617,Caviid betaherpesvirus 2,False,NC_020231.1,7
619,Pike fry sprivivirus,False,NC_025371.1,0
620,Reptilian ferlavirus,False,NC_005084.2,10
622,Dabieshan orthohantavirus,False,NC_038383.1  NC_038384.1,19
623,Avian leukosis virus,False,KY235336.1,16
625,African horse sickness virus,False,NC_006021.1  NC_005996.1  NC_006017.1  NC_006012.1  NC_006020.1  NC_006018.1  NC_006011.1  NC_006019.1  NC_006016.1  NC_006009.1,18
626,Strawberry crinkle cytorhabdovirus,False,MH129615.1,0
627,Bovine fever ephemerovirus,False,NC_002526.1,0
628,Liao ning virus,False,NC_007736.1  NC_007737.1  NC_007738.1  NC_007739.1  NC_007740.1  NC_007741.1  NC_007742.1  NC_007743.1  NC_007744.1  NC_007745.1  NC_007746.1  NC_007747.1,18
629,Ngaingan hapavirus,False,NC_013955.1,0
630,Thottopalayam thottimvirus,True,NC_010707.1  NC_010708.1  NC_010704.1,19
631,Epizootic hemorrhagic disease virus,False,NC_013396.1  NC_013397.1  NC_013398.1  NC_013399.1  NC_013400.1  NC_013401.1  NC_013403.1  NC_013402.1  NC_013404.1  NC_013405.1,18
633,Porcine torovirus,False,NC_022787.1,29
634,Gray Lodge hapavirus,False,NC_034541.1,0
635,Orchid fleck dichorhavirus,False,NC_009608.1  NC_009609.1,0
636,Murine respirovirus,False,NC_001552.1,10
639,Equid alphaherpesvirus 9,False,NC_011644.1,7
640,Passeriform 1 orthobornavirus,False,NC_030690.1,31
641,Bruges orthohantavirus,False,NC_034402.1  NC_034395.1  NC_034394.1,19
642,Eubenangee virus,False,JQ070376.1  JQ070377.1  JQ070378.1  JQ070379.1  JQ070380.1  JQ070381.1  JQ070382.1  JQ070383.1  JQ070384.1  JQ070385.1,18
643,Barley yellow striate mosaic cytorhabdovirus,False,NC_028244.1,0
644,Nkolbisson ledantevirus,False,NC_034539.1,0
646,Northern cereal mosaic cytorhabdovirus,False,NC_002251.1,0
647,Fathead minnow nidovirus 1,False,NC_038295.1,29
648,Wigeon coronavirus HKU20,False,NC_016995.1,13
651,Avian orthoavulavirus 13,False,NC_030231.1,10
652,Papiine alphaherpesvirus 2,False,NC_007653.1,7
654,Avian orthoavulavirus 9,False,NC_025390.1,10
657,Perinet vesiculovirus,False,NC_025394.1,0
658,Sangassou orthohantavirus,False,NC_034517.1  NC_034516.1  NC_034526.1,19
659,Fikirini ledantevirus,False,NC_025341.1,0
660,Datura yellow vein nucleorhabdovirus,False,NC_028231.1,0
661,Mossuril hapavirus,False,NC_038275.1,0
662,Ateline alphaherpesvirus 1,False,NC_034446.1,7
663,Taro vein chlorosis nucleorhabdovirus,False,NC_006942.1,0
664,Felid alphaherpesvirus 1,False,NC_013590.2,7
665,Arboretum almendravirus,False,NC_025393.1,0
666,Cali mammarenavirus,False,NC_006439.1  NC_006447.1,15
667,Mapuera orthorubulavirus,False,NC_009489.1,10
668,Great Island virus,True,NC_014522.1  NC_014523.1  NC_014524.1  NC_014525.1  NC_014526.1  NC_014527.1  NC_014528.1  NC_014529.1  NC_014530.1  NC_014531.1,18
669,Chenuda virus,False,KP268794.1  KP268795.1  KP268796.1  KP268797.1  KP268798.1  KP268799.1  KP268800.1  KP268801.1  KP268802.1  KP268803.1,18
670,Influenza D virus,False,NC_036616.1  NC_036615.1  NC_036619.1  NC_036618.1  NC_036617.1  NC_036620.1  NC_036621.1,28
672,Scotophilus bat coronavirus 512,False,NC_009657.1,13
673,Bovine alphaherpesvirus 1,False,NC_001847.1,7
674,Mojiang henipavirus,False,NC_025352.1,10
675,Mount Elgon bat ledantevirus,False,NC_034545.1,0
677,Bovine foamy virus,False,NC_001831.1,16
679,Yata ephemerovirus,False,NC_028241.1,0
680,Carajas vesiculovirus,False,NC_038285.1,0
681,Colocasia bobone disease-associated cytorhabdovirus,False,NC_034551.1,0
682,Macropodid alphaherpesvirus 1,False,NC_029132.1,7
684,Le Dantec ledantevirus,False,NC_034443.1,0
685,Bat mumps orthorubulavirus,False,NC_038271.1,10
687,Fukuoka ledantevirus,False,NC_034454.1,0
688,Potato yellow dwarf nucleorhabdovirus,False,NC_016136.1,0
689,Human betaherpesvirus 7,True,NC_001716.2,7
692,Kumasi ledantevirus,False,NC_028236.1,0
694,St Croix River virus,False,NC_005997.1  NC_005998.1  NC_005999.1  NC_006000.1  NC_006001.1  NC_006002.1  NC_006003.1  NC_006004.1  NC_006005.1  NC_006006.1,18
697,Equid alphaherpesvirus 8,False,NC_017826.1,7
698,Hendra henipavirus,True,NC_001906.3,10
699,Reptile sunshinevirus 1,False,NC_025345.1,38
703,Cervid alphaherpesvirus 1,False,MH036942.1,7
704,Menangle pararubulavirus,True,NC_007620.1,10
706,Sena Madureira sripuvirus,False,NC_034529.1,0
708,Yongjia ledantevirus,False,NC_031305.1,0
709,Tioman pararubulavirus,False,NC_004074.1,10
710,Salmon aquaparamyxovirus,False,NC_025360.1,10
711,Rice gall dwarf virus,False,NC_009245.1  NC_009241.1  NC_009248.1  NC_009242.1  NC_009249.1  NC_009243.1  NC_009250.1  NC_009244.1  NC_009251.1  NC_009252.1  NC_009246.1  NC_009247.1,18
713,Carp sprivivirus,False,NC_002803.1,0
714,Rotavirus B,True,NC_021541.1  NC_021545.1  NC_021551.1  NC_021543.1  NC_021546.1  NC_021544.1  NC_021547.1  NC_021548.1  NC_021542.1  NC_021550.1  NC_021549.1,18
715,Landjia hapavirus,False,NC_034533.1,0
716,Macacine alphaherpesvirus 1,True,NC_004812.1,7
717,Guanarito mammarenavirus,True,NC_005082.1  NC_005077.1,15
718,Bovine gammaherpesvirus 4,False,NC_002665.1,7
719,Cedar henipavirus,False,NC_025351.1,10
720,Salmon isavirus,False,NC_006503.1  NC_006505.1  NC_006502.1  NC_006501.1  NC_006500.2  NC_006499.1  NC_006498.1  NC_006497.1,28
721,Sonchus yellow net nucleorhabdovirus,False,NC_001615.3,0
723,Deltapapillomavirus 3,False,NC_001789.1,1
724,Kolente ledantevirus,False,NC_025342.1,0
725,Porcine type-C oncovirus,False,GU980187.1,16
727,Deltapapillomavirus 4,False,NC_001522.1,1
733,Munia coronavirus HKU13,False,NC_011550.1,13
735,Koolpinyah ephemerovirus,False,NC_028239.1,0
737,Jonchet jonvirus,False,KP710232.1  KP710240.1  KP710243.1,33
740,Avian metaavulavirus 10,False,NC_025349.3,10
741,Avian orthoavulavirus 12,False,NC_025363.1,10
742,Bulbul coronavirus HKU11,False,NC_011547.1,13
743,Rotavirus A,True,EF554137.1  EF554138.1  EF554139.1  EF554140.1  EF554143.1  EF554141.1  EF554145.1  EF554142.1  EF554144.1  EF554146.1  EF554147.1,18
748,Banna virus,True,NC_004211.1  NC_004217.1  NC_004218.1  NC_004219.1  NC_004220.1  NC_004221.1  NC_004204.1  NC_004203.1  NC_004202.1  NC_004201.1  NC_004200.1  NC_004198.1,18
749,Lambdapapillomavirus 1,False,NC_004765.1,1
750,Sripur sripuvirus,False,NC_034542.1,0
753,Bubaline alphaherpesvirus 1,False,KU936049.1,7
760,Almpiwar sripuvirus,False,NC_025391.1,0
761,Coronavirus HKU15,False,NC_016990.2,13
763,Bat coronavirus CDPHE15,False,NC_022103.1,13
764,Niakha sripuvirus,False,NC_025405.1,0
767,Miniopterus bat coronavirus 1,False,EU420138.1,13
768,Bovine torovirus,False,NC_007447.1,29
769,Wuhan ledantevirus,False,NC_031301.1,0
772,Coastal Plains tibrovirus,False,NC_025397.1,0
773,Palyam virus,True,NC_005990.1  NC_005986.1  NC_005989.1  NC_005991.1  NC_005993.1  NC_005987.1  NC_005988.1  NC_005994.1  NC_005992.1  NC_005995.1,18
774,Koala retrovirus,False,NC_039228.1,16
775,Measles morbillivirus,True,NC_001498.1,10
776,Warrego virus,False,KJ495755.1  KJ495756.1  KJ495757.1  KJ495758.1  KJ495759.1  KJ495760.1  KJ495762.1  KJ495761.1  KJ495763.1  KJ495764.1,18
780,Feline calicivirus,False,NC_001481.2,26
781,Chaco sripuvirus,False,NC_034550.1,0
786,Joinjakaka hapavirus,False,NC_034538.1,0
789,Murine leukemia virus,False,NC_001501.1,16
790,Miniopterus bat coronavirus HKU8,False,NC_010438.1,13
791,Kotonkan ephemerovirus,False,NC_017714.1,0
793,Adelaide River ephemerovirus,False,NC_028246.1,0
797,Lettuce necrotic yellows cytorhabdovirus,False,NC_007642.1,0
799,Yug Bogdanovac vesiculovirus,False,NC_025378.1,0
800,Puerto Almendras almendravirus,False,NC_025395.1,0
801,Wallal virus,False,NC_022553.1  NC_022554.1  NC_022555.1  NC_022560.1  NC_022556.1  NC_022561.1  NC_022562.1  NC_022557.1  NC_022558.1  NC_022559.1,18
803,Lettuce yellow mottle cytorhabdovirus,False,NC_011532.1,0
804,Saimiriine alphaherpesvirus 1,False,NC_014567.1,7
805,Obodhiang ephemerovirus,False,NC_017685.1,0
810,Sweetwater Branch tibrovirus,False,NC_034546.1,0
811,Maize Iranian mosaic nucleorhabdovirus,False,NC_036390.1,0
817,Deltapapillomavirus 1,False,NC_001524.1,1
819,Reticuloendotheliosis virus,False,NC_006934.1,16
821,Feline morbillivirus,False,NC_025264.1,10
823,La Joya hapavirus,False,NC_034537.1,0
824,Berrimah ephemerovirus,False,NC_025358.1,0
828,Murid gammaherpesvirus 4,False,NC_001826.2,7
834,Avian metaavulavirus 2,False,NC_039230.1,10
836,Flanders hapavirus,False,NC_039202.1,0
838,Porcine epidemic diarrhea virus,False,NC_003436.1,13
839,Avastrovirus 2,False,NC_003790.1,24
841,Ord River hapavirus,False,NC_034543.1,0
843,Hart Park hapavirus,False,NC_034447.1,0
845,Maize mosaic nucleorhabdovirus,False,NC_005975.1,0
846,Drosophila melanogaster sigmavirus,False,NC_013135.1,0
853,Alfalfa dwarf cytorhabdovirus,False,NC_028237.2,0
855,Manitoba hapavirus,False,NC_034531.1,0
856,Tibrogargan tibrovirus,False,NC_020804.1,0
857,Wongabel hapavirus,False,NC_011639.1,0
858,Parry Creek hapavirus,False,NC_034449.1,0
13,Anatid alphaherpesvirus 1,False,JF999965.1,7
18,Aotine betaherpesvirus 1,False,NC_016447.1,7
23,Asikkala orthohantavirus,False,NC_043068.1 NC_043069.1 NC_043070.1,19
26,Avian coronavirus 9203,False,KR902510.1,13
28,Avian metaavulavirus 14,False,NC_039015.1,10
29,Avian metaavulavirus 20,False,NC_040796.1,10
30,Avian myelocytomatosis virus 29,False,NC_001866.1,16
31,Avian orthoavulavirus 16,False,NC_039016.1,10
32,Avian orthoavulavirus 21,False,MF594598.1,10
33,Avian sarcoma virus CT10,False,NC_038922.1,16
34,Badger associated gemykibivirus 1,False,NC_026806.1,11
35,Bahia barhavirus,False,KM205018.1,0
36,Balsa almendravirus,False,NC_039200.1,0
37,Bat Hp-betacoronavirus Zhejiang2013,False,NC_025217.1,13
77,Bavaria virus,False,HQ010042.1,26
79,Beatrice Hill tibrovirus,False,NC_039021.1,0
81,Beilong jeilongvirus,False,NC_007803.1,10
85,Betapapillomavirus 6,False,NC_015691.1,1
88,Black robin associated gemykibivirus 1,False,NC_025732.1,11
89,Blackbird associated gemycircularvirus 1,False,NC_025741.1,11
90,Blackbird associated gemykibivirus 1,False,NC_025731.1,11
92,Bombali ebolavirus,False,NC_039345.1,27
97,Bovine associated gemycircularvirus 1,False,NC_030146.1,11
98,Bovine associated gemykibivirus 1,False,NC_024689.1,11
99,Bovine associated gemykrogvirus 1,False,NC_024690.1,11
100,Bovine gammaherpesvirus 6,False,NC_024303.1,7
112,Canine associated gemygorvirus 1,False,NC_030147.1,11
115,Caprine respirovirus 3,False,NC_028362.1,10
116,Capuchin monkey hepatitis B virus,False,NC_043528.1,23
121,Caribou associated gemykrogvirus 1,False,NC_024909.1,11
132,Chickadee associated gemycircularvirus 1,False,NC_027776.1,11
133,Chicken anemia virus,False,NC_001427.1,8
136,Chicken associated gemycircularvirus 1,False,NC_030141.1,11
137,Chicken associated gemycircularvirus 2,False,NC_030140.1,11
140,China Rattus coronavirus HKU24,False,NC_026011.1,13
141,Chinese shrew hepatitis B virus,False,MH484438.1,23
142,Chipapillomavirus 1,False,NC_008297.1,1
143,Chipapillomavirus 2,False,NC_010226.1,1
144,Chipapillomavirus 3,False,NC_016014.1,1
150,Columbid alphaherpesvirus 1,False,NC_034266.1,7
151,Coot Bay almendravirus,False,NC_031957.1,0
160,Deltapapillomavirus 5,False,NC_011051.1,1
161,Deltapapillomavirus 6,False,NC_015267.1,1
162,Deltapapillomavirus 7,False,NC_039036.1,1
173,Domestic cat hepatitis B virus,False,NC_040719.1,23
179,Duck coronavirus 2714,False,KM454473.1,13
180,Duck hepatitis B virus,False,NC_001344.1,23
182,Dyochipapillomavirus 1,False,NC_023882.1,1
183,Dyodeltapapillomavirus 1,False,NC_011280.1,1
184,Dyoepsilonpapillomavirus 1,False,NC_013117.1,1
185,Dyoetapapillomavirus 1,False,NC_011765.1,1
186,Dyoiotapapillomavirus 1,False,NC_017862.1,1
187,Dyoiotapapillomavirus 2,False,NC_020085.1,1
188,Dyokappapapillomavirus 1,False,NC_038516.1,1
189,Dyokappapapillomavirus 2,False,NC_023895.1,1
190,Dyokappapapillomavirus 3,False,NC_030796.1,1
191,Dyokappapapillomavirus 4,False,NC_030798.1,1
192,Dyokappapapillomavirus 5,False,NC_039037.1,1
193,Dyolambdapapillomavirus 1,False,NC_014143.1,1
194,Dyonupapillomavirus 1,False,NC_015325.1,1
195,Dyoomegapapillomavirus 1,False,NC_038517.1,1
196,Dyoomikronpapillomavirus 1,False,NC_023496.1,1
197,Dyophipapillomavirus 1,False,NC_039038.1,1
198,Dyopipapillomavirus 1,False,NC_018076.1,1
199,Dyopsipapillomavirus 1,False,NC_038518.1,1
200,Dyorhopapillomavirus 1,False,NC_020500.1,1
201,Dyosigmapapillomavirus 1,False,NC_023178.1,1
202,Dyotaupapillomavirus 1,False,NC_038519.1,1
203,Dyothetapapillomavirus 1,False,NC_038520.1,1
204,Dyoupsilonpapillomavirus 1,False,NC_038521.1,1
205,Dyoxipapillomavirus 1,False,NC_007612.1,1
206,Dyoxipapillomavirus 2,False,NC_030799.1,1
211,Elephantid betaherpesvirus 1,False,NC_020474.2,7
212,Elephantid betaherpesvirus 4,False,NC_028379.1,7
213,Elephantid betaherpesvirus 5,False,NC_024696.1,7
217,Epsilonpapillomavirus 2,False,NC_030151.1,1
219,Equine associated gemycircularvirus 1,False,NC_030143.1,11
223,Etapapillomavirus 1,False,NC_004068.1,1
225,Felid gammaherpesvirus 1,False,NC_028099.1,7
237,Fujinami sarcoma virus,False,NC_001403.1,16
238,Fur seal associated gemycircularvirus 1,False,NC_025736.1,11
240,Gallid alphaherpesvirus 1,False,JN596962.1,7
241,Gallid alphaherpesvirus 2,False,NC_002229.3,7
242,Gallid alphaherpesvirus 3,False,HQ840738.1,7
244,Gammapapillomavirus 10,True,NC_014185.1,1
245,Gammapapillomavirus 11,True,NC_016157.1,1
246,Gammapapillomavirus 12,True,NC_014469.1,1
247,Gammapapillomavirus 13,True,NC_014952.1,1
248,Gammapapillomavirus 14,True,NC_014954.1,1
249,Gammapapillomavirus 15,True,NC_017993.1,1
250,Gammapapillomavirus 16,True,NC_017995.1,1
251,Gammapapillomavirus 17,True,NC_017997.1,1
252,Gammapapillomavirus 18,True,NC_033781.1,1
253,Gammapapillomavirus 19,True,NC_038522.1,1
254,Gammapapillomavirus 20,True,NC_028125.1,1
255,Gammapapillomavirus 21,True,NC_022892.1,1
256,Gammapapillomavirus 22,True,NC_038523.1,1
257,Gammapapillomavirus 23,True,NC_038524.1,1
258,Gammapapillomavirus 24,True,NC_023891.1,1
259,Gammapapillomavirus 25,True,NC_038914.1,1
260,Gammapapillomavirus 26,True,NC_039086.1,1
261,Gammapapillomavirus 27,True,NC_027528.1,1
262,Gammapapillomavirus 6,True,NC_008189.1,1
263,Gammapapillomavirus 7,True,NC_012485.1,1
264,Gammapapillomavirus 8,True,NC_012486.1,1
265,Gammapapillomavirus 9,True,NC_013035.1,1
266,Gannoruwa bat lyssavirus,False,NC_031988.1,0
267,Gerygone associated gemycircularvirus 1,False,NC_025734.1,11
268,Gerygone associated gemycircularvirus 2,False,NC_025735.1,11
269,Gerygone associated gemycircularvirus 3,False,NC_025737.1,11
273,Goose coronavirus CB17,False,NC_046965.1,13
283,Heron hepatitis B virus,False,NC_001486.1,23
285,Holmes hapavirus,False,KY421919.1,0
301,Human associated gemykibivirus 1,True,NC_024691.1,11
302,Human associated gemykibivirus 2,True,NC_026818.1,11
303,Human associated gemykibivirus 3,True,NC_038496.1,11
304,Human associated gemykibivirus 4,True,NC_038497.1,11
305,Human associated gemykibivirus 5,True,NC_030448.1,11
306,Human associated gemyvongvirus 1,True,NC_028459.1,11
307,Human betaherpesvirus 6A,True,NC_001664.4,7
308,Human betaherpesvirus 6B,True,NC_000898.1,7
324,Inhangapi arurhavirus,False,KM204991.1,0
325,Iotapapillomavirus 2,False,NC_039039.1,1
326,Island sawgrhavirus,False,NC_025340.1,0
332,Jun jeilongvirus,False,NC_007454.1,10
335,Kigluaik phantom orthophasmavirus,False,NC_034462.1 NC_034469.1 NC_034463.1,33
339,Lama associated gemycircularvirus 1,False,NC_030142.1,11
340,Lambdapapillomavirus 3,False,NC_013237.1,1
341,Lambdapapillomavirus 4,False,NC_007150.1,1
342,Lambdapapillomavirus 5,False,NC_018575.1,1
345,Leporid alphaherpesvirus 4,False,NC_029311.1,7
348,Lleida bat lyssavirus,False,NC_031955.1,0
351,Long-fingered bat hepatitis B virus,False,NC_020881.1,23
352,Lophuromys jeilongvirus 1,False,NC_043539.1,10
353,Lophuromys jeilongvirus 2,False,NC_043540.1,10
355,Lucheng Rn rat coronavirus,False,NC_032730.1,13
359,Macacine betaherpesvirus 8,False,JN227533.1,7
360,Macacine betaherpesvirus 9,False,NC_030200.1,7
361,Macacine gammaherpesvirus 10,False,KP676001.1,7
362,Macacine gammaherpesvirus 11,False,AY528864.1,7
368,Mallard associated gemycircularvirus 1,False,NC_025733.1,11
369,Mallard associated gemygorvirus 1,False,NC_030138.1,11
371,Mammalian orthorubulavirus 6,False,MH972568.1,10
372,Mandrilline betaherpesvirus 1,False,KR297253.1,7
373,Mariental mammarenavirus,False,NC_027136.1 NC_027134.1,15
381,Meleagrid alphaherpesvirus 1,False,NC_002641.1,7
383,Menghai almendravirus,False,KX785335.1,0
387,Miniopterus associated gemycircularvirus 1,False,NC_038480.1,11
394,Mongoose associated gemycircularvirus 1,False,NC_026810.1,11
395,Mongoose associated gemykibivirus 1,False,NC_026808.1,11
396,Monodontid alphaherpesvirus 1,False,MF678601.1,7
400,Mosquito associated gemycircularvirus 1,False,NC_038481.1,11
401,Mossman narmovirus,False,NC_005339.1,10
404,Muir barhavirus,False,KM204990.1,0
407,Mupapillomavirus 3,True,NC_038525.1,1
409,Murid betaherpesvirus 3,False,NC_033620.1,7
410,Murid betaherpesvirus 8,False,NC_019559.2,7
411,Murid gammaherpesvirus 7,False,GQ169129.1,7
416,Myodes coronavirus 2JL14,False,NC_046954.1,13
418,Myodes jeilongvirus,False,MG516455.1,10
419,Myodes narmovirus,False,MF943130.1,10
421,Myotis ricketti alphacoronavirus Sax-2011,False,NC_028811.1,13
422,NL63-related bat coronavirus strain BtKYNL63-9b,False,KY073745.1,13
423,Nacovirus A,False,NC_043516.1,26
424,Nariva narmovirus,False,NC_017937.1,10
428,Nyctalus velutinus alphacoronavirus SC-2013,False,NC_028833.1,13
429,Oakvale sunrhavirus,False,NC_025399.1,0
431,Omegapapillomavirus 1,False,NC_010739.1,1
434,Ostrich associated gemytondvirus 1,False,NC_025728.1,11
447,Panine alphaherpesvirus 3,False,NC_023677.1,7
448,Papiine betaherpesvirus 4,False,NC_027016.1,7
455,Parrot hepatitis B virus,False,NC_016561.1,23
464,Phipapillomavirus 1,False,NC_008032.1,1
473,Pipapillomavirus 2,False,NC_008519.1,1
474,Planalto mammarenavirus,False,NC_040763.1 NC_040762.1,15
478,Pomona bat hepatitis B virus,False,NC_038503.1,23
481,Porcine associated gemycircularvirus 1,False,NC_030145.1,11
482,Porcine associated gemycircularvirus 2,False,NC_025738.1,11
491,Prospect Hill orthohantavirus,False,NC_038939.1 NC_038940.1 NC_038938.1,19
492,Psipapillomavirus 1,False,NC_008298.1,1
493,Psipapillomavirus 2,False,NC_033740.1,1
494,Psipapillomavirus 3,False,NC_033745.1,1
495,Psittacid alphaherpesvirus 1,False,NC_005264.1,7
500,Pteropodid alphaherpesvirus 1,False,NC_024306.1,7
502,Pteropus associated gemycircularvirus 1,False,NC_038484.1,11
503,Pteropus associated gemycircularvirus 10,False,NC_038493.1,11
504,Pteropus associated gemycircularvirus 2,False,NC_038485.1,11
505,Pteropus associated gemycircularvirus 3,False,NC_038486.1,11
506,Pteropus associated gemycircularvirus 4,False,NC_038487.1,11
507,Pteropus associated gemycircularvirus 5,False,NC_038488.1,11
508,Pteropus associated gemycircularvirus 6,False,NC_038489.1,11
509,Pteropus associated gemycircularvirus 7,False,NC_038490.1,11
510,Pteropus associated gemycircularvirus 8,False,NC_038491.1,11
511,Pteropus associated gemycircularvirus 9,False,NC_038492.1,11
512,Pteropus associated gemygorvirus 1,False,NC_038495.1,11
513,Pteropus associated gemykibivirus 1,False,NC_038498.1,11
514,Pteropus associated gemykolovirus 1,False,NC_038501.1,11
515,Pteropus associated gemykolovirus 2,False,NC_038502.1,11
519,Qalyub orthonairovirus,False,NC_034511.1 NC_034522.1 NC_034512.1,25
520,Rabbit associated gemykroznavirus 1,False,NC_025729.1,11
525,Rat associated gemycircularvirus 1,False,NC_027821.1,11
529,Recovirus A,False,NC_043512.1,26
530,Rhinolophus associated gemykibivirus 1,False,NC_038499.1,11
531,Rhinolophus associated gemykibivirus 2,False,NC_038500.1,11
532,Rhinolophus ferrumequinum alphacoronavirus HuB-2013,False,NC_028814.1,13
533,Rhopapillomavirus 1,False,NC_006563.1,1
534,Rhopapillomavirus 2,False,NC_038526.1,1
535,Rio Chico almendravirus,False,NC_031958.1,0
554,Rotavirus J,False,KX756624.1 KX756625.1 KX756627.1 KX756626.1 KX756619.1 KX756628.1 KX756621.1 KX756620.1 KX756629.1 KX756622.1 KX756623.1,18
555,Roundleaf bat hepatitis B virus,False,NC_024443.1,23
556,Rous sarcoma virus,False,NC_001407.1,16
558,Rousettus bat coronavirus GCCDC1,False,NC_030886.1,13
559,Ryukyu mammarenavirus,False,NC_039010.1 NC_039009.1,15
563,Saimiriine betaherpesvirus 4,False,NC_016448.1,7
565,Saint Valerien virus,False,NC_012699.1,26
566,Salem salemvirus,False,NC_025386.1,10
570,Sawgrass sawgrhavirus,False,KM205013.1,0
576,Sewage derived gemycircularvirus 1,False,NC_026164.1,11
577,Sewage derived gemycircularvirus 2,False,NC_026166.1,11
578,Sewage derived gemycircularvirus 3,False,NC_026162.1,11
579,Sewage derived gemycircularvirus 4,False,NC_038494.1,11
580,Sewage derived gemycircularvirus 5,False,NC_026165.1,11
581,Sewage derived gemygorvirus 1,False,NC_026161.1,11
582,Sewage derived gemykibivirus 1,False,NC_026168.1,11
583,Sewage derived gemykibivirus 2,False,NC_026167.1,11
584,Sewage derived gemykrogvirus 1,False,NC_026144.1,11
585,Sheep associated gemycircularvirus 1,False,NC_030144.1,11
587,Sigmapapillomavirus 1,False,NC_006951.1,1
602,Sorex araneus coronavirus T14,False,NC_046955.1,13
607,Souris mammarenavirus,False,NC_039011.1 NC_039012.1,15
608,Spheniscid alphaherpesvirus 1,False,NC_033464.1,7
609,Spider monkey simian foamy virus,False,NC_039027.1,16
612,Squirrel respirovirus,False,LS992584.1,10
613,Starling associated gemygorvirus 1,False,NC_025730.1,11
616,Sunguru sunrhavirus,False,NC_025401.1,0
619,Tai Forest hepatitis B virus,False,MK620908.1,23
620,Tailam jeilongvirus,False,NC_025355.1,10
621,Taiwan bat lyssavirus,False,MF472710.1,0
624,Taupapillomavirus 1,False,NC_006564.1,1
625,Taupapillomavirus 2,False,NC_023852.1,1
626,Taupapillomavirus 3,False,NC_021472.1,1
627,Taupapillomavirus 4,False,NC_022253.1,1
629,Tent-making bat hepatitis B virus,False,NC_024445.1,23
631,Thetapapillomavirus 1,False,NC_003973.1,1
634,Tigray orthohantavirus,False,KU934008.1,19
636,Torque teno canis virus,False,NC_014071.1,8
637,Torque teno douroucouli virus,False,NC_014087.1,8
638,Torque teno equus virus 1,False,NC_040668.1,8
639,Torque teno felis virus,False,NC_014072.1,8
640,Torque teno felis virus 2,False,NC_038349.1,8
641,Torque teno midi virus 1,True,NC_009225.1,8
642,Torque teno midi virus 10,True,NC_038357.1,8
643,Torque teno midi virus 11,True,NC_038358.1,8
644,Torque teno midi virus 12,True,NC_038359.1,8
645,Torque teno midi virus 13,True,NC_038360.1,8
646,Torque teno midi virus 14,True,NC_038361.1,8
647,Torque teno midi virus 15,False,NC_038362.1,8
648,Torque teno midi virus 2,True,NC_014093.1,8
649,Torque teno midi virus 3,True,NC_038350.1,8
650,Torque teno midi virus 4,True,NC_038351.1,8
651,Torque teno midi virus 5,True,NC_038352.1,8
652,Torque teno midi virus 6,True,NC_038353.1,8
653,Torque teno midi virus 7,True,NC_038354.1,8
654,Torque teno midi virus 8,True,NC_038355.1,8
655,Torque teno midi virus 9,True,NC_038356.1,8
656,Torque teno mini virus 1,True,NC_014097.1,8
657,Torque teno mini virus 10,True,NC_038345.1,8
658,Torque teno mini virus 11,True,NC_038346.1,8
659,Torque teno mini virus 12,True,NC_038347.1,8
660,Torque teno mini virus 2,True,NC_014086.1,8
661,Torque teno mini virus 3,True,NC_014088.1,8
662,Torque teno mini virus 4,False,NC_014090.1,8
663,Torque teno mini virus 5,True,NC_014089.1,8
664,Torque teno mini virus 6,True,NC_014095.1,8
665,Torque teno mini virus 7,True,NC_014082.1,8
666,Torque teno mini virus 8,True,NC_014068.1,8
667,Torque teno mini virus 9,True,NC_002195.1,8
668,Torque teno seal virus 1,False,NC_015212.1,8
669,Torque teno seal virus 2,False,NC_024891.1,8
670,Torque teno seal virus 3,False,NC_024890.1,8
671,Torque teno seal virus 4,False,NC_026138.1,8
672,Torque teno seal virus 8,False,KY246582.1,8
673,Torque teno seal virus 9,False,NC_035135.1,8
674,Torque teno sus virus 1a,False,NC_014070.1,8
675,Torque teno sus virus 1b,False,NC_027059.1,8
676,Torque teno sus virus k2a,False,NC_014092.2,8
677,Torque teno sus virus k2b,False,NC_038363.1,8
678,Torque teno tamarin virus,False,NC_014085.1,8
679,Torque teno tupaia virus,False,NC_038348.1,8
680,Torque teno virus 1,True,NC_002076.2,8
681,Torque teno virus 10,True,NC_014076.1,8
682,Torque teno virus 11,True,NC_038338.1,8
683,Torque teno virus 12,True,NC_014075.1,8
684,Torque teno virus 13,True,NC_038339.1,8
685,Torque teno virus 14,False,NC_014077.1,8
686,Torque teno virus 15,True,NC_014096.1,8
687,Torque teno virus 16,True,NC_014091.1,8
690,Torque teno virus 19,True,NC_014078.1,8
691,Torque teno virus 2,False,NC_014480.2,8
692,Torque teno virus 20,True,NC_038340.1,8
693,Torque teno virus 21,True,NC_038341.1,8
695,Torque teno virus 23,False,NC_038342.1,8
696,Torque teno virus 24,True,NC_038343.1,8
697,Torque teno virus 25,False,NC_014083.1,8
698,Torque teno virus 26,False,NC_014079.1,8
699,Torque teno virus 27,True,NC_014074.1,8
700,Torque teno virus 28,True,NC_014073.1,8
701,Torque teno virus 29,True,NC_038344.1,8
702,Torque teno virus 3,True,NC_014081.1,8
703,Torque teno virus 4,False,NC_014069.1,8
704,Torque teno virus 5,True,NC_038336.1,8
705,Torque teno virus 6,True,NC_014094.1,8
706,Torque teno virus 7,True,NC_014080.1,8
707,Torque teno virus 8,True,NC_014084.1,8
708,Torque teno virus 9,True,NC_038337.1,8
709,Torque teno zalophus virus 1,False,NC_012126.1,8
711,Treisdeltapapillomavirus 1,False,NC_038527.1,1
712,Treisepsilonpapillomavirus 1,False,NC_023894.1,1
713,Treisetapapillomavirus 1,False,NC_038531.1,1
714,Treisiotapapillomavirus 1,False,NC_039040.1,1
715,Treiskappapapillomavirus 1,False,NC_031756.1,1
716,Treisthetapapillomavirus 1,False,NC_039041.1,1
717,Treiszetapapillomavirus 1,False,NC_024300.1,1
720,Tupaia narmovirus,False,NC_002199.1,10
727,UR2 sarcoma virus,False,NC_001618.1,16
734,Upsilonpapillomavirus 1,False,NC_011109.1,1
735,Upsilonpapillomavirus 2,False,NC_008184.1,1
736,Upsilonpapillomavirus 3,False,NC_018075.1,1
740,Vaprio ledantevirus,False,NC_043538.1,0
742,Walkabout sunrhavirus,False,NC_028232.1,0
746,Woolly monkey hepatitis B virus,False,NC_028129.1,23
747,Wuhan mosquito orthophasmavirus 1,False,NC_031307.1 NC_031308.1 NC_031310.1,33
748,Wuhan mosquito orthophasmavirus 2,False,NC_031312.1 NC_031309.1 NC_031311.1,33
749,Xapuri mammarenavirus,False,MG976578.1 MG976577.1,15
750,Xipapillomavirus 2,False,NC_028126.1,1
751,Xipapillomavirus 3,False,NC_021930.1,1
752,Xipapillomavirus 4,False,NC_030797.1,1
753,Xipapillomavirus 5,False,NC_039042.1,1
755,Zahedan zarhavirus,False,NC_040664.1,0
